centre_id,centre_name,pincode
401,celltech_Hosapete,691792
402,celltech_Habra,405252
403,celltech_Silvassa,733382
404,celltech_Tiruvarur,615177
405,celltech_Palakkad,889609
406,celltech_Port Blair,877368
407,celltech_Agartala,228327
408,celltech_Aizwal,735276
409,celltech_Bhopal,257884
410,celltech_Gangtok,944272
411,celltech_Nagpur,266890
412,celltech_Panaji,398879
413,celltech_Daman,668180
414,celltech_Shimla,806126
415,celltech_Raigarh,775736
416,celltech_Beawar,414176
417,celltech_Katni,165367
418,celltech_Serampore,506324
419,celltech_Chennai,272472
420,celltech_Jammu,149138
421,celltech_Purulia,481769
422,celltech_Alandur,423976
423,celltech_Itanagar,811878
424,celltech_Ahmedabad,558677
425,celltech_Haridwar,447141
426,celltech_Dhalai,845712
427,celltech_Dehradun,186834
428,celltech_Gairsain,813085
429,celltech_Achalpur,184550
430,celltech_Asansol,732258
431,celltech_Vadodara,364943
432,celltech_Dhanbad,716938
433,celltech_Bilaspur,351579
434,celltech_Bhagalpur,226995
435,celltech_Kollam,632015
436,celltech_Imphal,201796
437,celltech_Shillong,320955
438,celltech_Burhanpur,191449
439,celltech_Rohtak,836577
440,celltech_Chandigarh,122508
441,celltech_Damoh,164479
442,celltech_Purnia,815420
443,celltech_Bhiwani,122346
444,celltech_Porbandar,926315
445,celltech_Kavaratti,170038
446,celltech_Cuddalore,839041
447,celltech_Pondicherry,167563
448,celltech_Bhubaneswar,568068
449,celltech_Prayagraj,890231
450,celltech_Gurgaon,939140
451,celltech_Patna,319730
452,celltech_Indore,103053
453,celltech_Kota,723664
454,celltech_Faridabad,543358
455,celltech_Nagaon,186179
456,celltech_Agonda,685445
457,celltech_Ranchi,310477
458,celltech_Kohima,154081
459,celltech_Wokha,244827
460,celltech_Guwahati,462899
461,celltech_Barasat,237977
462,celltech_Gurugram,673964
463,celltech_Muzaffarpur,149720
464,celltech_Vasco Da gama,785173
465,celltech_Jaipur,162020
466,celltech_Manali,687116
467,celltech_Ballari,627520
468,celltech_Veraval,979942
469,celltech_mokochung,791794
470,celltech_Jodhpur,496620
471,celltech_Longleng,123570
472,celltech_Ramagundam,255481
473,celltech_Kolkata,206937
474,celltech_Vellore,637809
475,celltech_Bengaluru,925345
476,celltech_Hyderabad,791895
477,celltech_Swaraj dweep,662905
478,celltech_Rourkela,281724
479,celltech_Ludhiana,233696
480,celltech_Kochi,887888