military_id,first name,last name,posting_location,reach_plan_id
9RHA21GCUH,Jolanda,Hanafan,Chishtian Mandi,800100
J00509I52C,Barrett,Toyama,Shillong,800300
NIXV6L6JFO,Helga,Fredicks,Naihati,800140
KCNQTQPWKF,Ashlyn,Pinilla,Pondicherry,800350
1552SX9G6K,Fausto,Agramonte,Dehri,802000
T8UOL5SFFC,Ronny,Caiafa,Rohtak,800150
6TC10X60U6,Marge,Limmel,Amravati,800350
D9F1UOLZYC,Norah,Waymire,Dehradun,800700
2Z47X0CQIJ,Aliza,Baltimore,Pondicherry,802000
3CGPLP9BJ8,Mozell,Pelkowski,Aizwal,800140
L1QWL5M3IX,Viola,Bitsuie,Champdani,800350
YURYSFASJ0,Franklyn,Emard,Pali,802000
43ZQG450L9,Willodean,Konopacki,Jodhpur,802000
PX191WVHD8,Beckie,Silvestrini,Etawah,800140
N3JWHDPL5O,Rebecka,Gesick,Dehradun,800350
ZCTIFFDH6Q,Frederica,Blunk,Aizwal,802000
UCPHPBKK68,Glen,Bartolet,Shillong,800400
VQ7RKY0MJ6,Freeman,Gochal,Gangtok,800350
01EAHAVE18,Vincent,Meinerding,Bhopal,802000
BVN5V3TIAK,Rima,Bevelacqua,Kavaratti,800150
9HD4RQDQGL,Glendora,Sarbacher,Port Blair,800100
BKJEO029WR,Avery,Steier,Kohima,800300
Q7ZIYC74SF,Cristy,Lother,Shillong,800140
VRAMB8QILB,Nicolette,Brossart,Panjim,800450
UKSABU214X,Tracey,Modzelewski,Haridwar,800200
NNVQKZKR2K,Virgina,Tegarden,Dehradun,800400
CPDW7HVU18,Tiera,Frankel,Gangtok,800350
PFWRJY8MED,Alaine,Bergesen,Panjim,800700
TE88U3UERI,Earleen,Mai,Vejalpur,800140
5HCIF0IX3P,Leonida,Gobern,Unnao,800450
95FN2C01Y2,Ressie,Auffrey,Guna,800200
7X8SI8945E,Justine,Mugnolo,Chandigarh,800400
QI8SPXDNHC,Eladia,Saulter,Agartala,800350
97NPFO3KDQ,Chaya,Malvin,Panjim,800140
ZQ0U78396E,Gwenn,Suffield,Panihati,800150
2OCX6WH655,Salena,Karpel,Chandigarh,800100
3TMZWDRZJH,Yoko,Fishburne,Damoh,800150
N3UDL8N1HI,Taryn,Moyd,Panjim,800100
4S22BDECLJ,Katina,Polidori,Srinagar,802000
9RH5YY2SRQ,Rickie,Plumer,Gangtok,800150
3SPVINUZLI,Alex,Loader,Haridwar,800100
GEALSLU1MC,Lashon,Vizarro,Jaranwala,800300
538ZSJSNOS,Lauran,Burnard,Dehradun,800140
PC1AUQ63LK,Ceola,Setter,Silvassa,800450
VU172TFA52,My,Rantanen,Itanagar,800200
SC2B2GQLF7,Lorrine,Worlds,Imphal,800400
67GHZCNFDT,Peggie,Sturiale,Chittoor,800350
8I9GFXG775,Marvel,Raymo,Daman,800350
92TLHBS5JE,Daron,Dinos,Lahore,802000
86T1KO2PE4,An,Fritz,Bhind,800150
445EE4DEJQ,Portia,Stimmel,Dhanbad,800100
BFFFGL43ZW,Rhea,Aredondo,Shillong,800300
KEJAX9SX85,Benedict,Sama,Itanagar,800140
RM4I2QAO4W,Alyce,Arias,Ambattur,800450
SFSM9TW1FE,Heike,Berganza,Chandigarh,800350
ZHW977F4DK,Carey,Dopico,Gangtok,802000
O51849WF8Q,Dottie,Hellickson,Panjim,800150
QB1LAUWWSD,Deandrea,Hughey,Silvassa,800700
C9SWMT3VOJ,Kimberlie,Duenas,Dehradun,802000
762UD2ELDY,Martina,Staback,Dindigul,800150