customer_id,mobile number,email,first name,last name,active,pin code,centre_id
201,3883909049,lisha@centini.org,Lisha,Centini,Yes,925345,475
202,5101617924,arlene_klusman@gmail.com,Arlene,Klusman,Yes,405252,402
203,1295676492,alease@buemi.com,Alease,Buemi,Yes,733382,403
204,9317467010,louisa@cronauer.com,Louisa,Cronauer,Yes,272472,419
205,6306162058,angella.cetta@hotmail.com,Angella,Cetta,Yes,889609,405
206,3364849934,cgoldammer@cox.net,Cyndy,Goldammer,Yes,877368,406
207,6812125351,rosio.cork@gmail.com,Rosio,Cork,Yes,228327,407
208,6976640502,ckorando@hotmail.com,Celeste,Korando,Yes,735276,408
209,3030568911,twana.felger@felger.org,Twana,Felger,Yes,257884,409
210,4344776536,estrella@aol.com,Estrella,Samu,Yes,944272,410
211,5455345213,dkines@hotmail.com,Donte,Kines,Yes,266890,411
212,6955422079,tiffiny_steffensmeier@cox.net,Tiffiny,Steffensmeier,Yes,398879,412
213,8674214997,emiceli@miceli.org,Edna,Miceli,Yes,668180,413
214,5293772047,sue@aol.com,Sue,Kownacki,Yes,806126,414
215,2438213564,jshin@shin.com,Jesusa,Shin,Yes,351579,433
216,3813464866,rolland@cox.net,Rolland,Francescon,Yes,414176,416
217,4395360088,pamella.schmierer@schmierer.org,Pamella,Schmierer,Yes,257884,409
218,2601245151,gkulzer@kulzer.org,Glory,Kulzer,Yes,405252,402
219,2492400448,shawna_palaspas@palaspas.org,Shawna,Palaspas,Yes,272472,419
220,2087781229,brandon_callaro@hotmail.com,Brandon,Callaro,Yes,149138,420
221,1833752169,scarlet.cartan@yahoo.com,Scarlet,Cartan,Yes,481769,421
222,6200472068,oretha_menter@yahoo.com,Oretha,Menter,Yes,637809,474
223,8140601766,tsmith@aol.com,Ty,Smith,Yes,811878,423
224,3915561941,xuan@gmail.com,Xuan,Rochin,Yes,558677,424
225,1502351825,lindsey.dilello@hotmail.com,Lindsey,Dilello,Yes,447141,425
226,7674941179,devora_perez@perez.org,Devora,Perez,Yes,558677,424
227,6387987298,hdemesa@cox.net,Herman,Demesa,Yes,186834,427
228,6973892857,rpapasergi@cox.net,Rory,Papasergi,Yes,186834,427
229,8794075966,talia_riopelle@aol.com,Talia,Riopelle,Yes,184550,429
230,7356637494,van.shire@shire.com,Van,Shire,Yes,206937,473
231,3828706954,lucina_lary@cox.net,Lucina,Lary,Yes,364943,431
232,1443807251,bok.isaacs@aol.com,Bok,Isaacs,Yes,716938,432
233,1323574842,rolande.spickerman@spickerman.com,Rolande,Spickerman,Yes,351579,433
234,8703695642,hpaulas@gmail.com,Howard,Paulas,Yes,226995,434
235,5784786181,kimbery_madarang@cox.net,Kimbery,Madarang,Yes,632015,435
236,6141421359,thurman.manno@yahoo.com,Thurman,Manno,Yes,201796,436
237,9087039115,becky.mirafuentes@mirafuentes.com,Becky,Mirafuentes,Yes,320955,437
238,7619858289,beatriz@yahoo.com,Beatriz,Corrington,Yes,191449,438
239,5902582816,marti.maybury@yahoo.com,Marti,Maybury,Yes,836577,439
240,9621376757,nieves_gotter@gmail.com,Nieves,Gotter,Yes,122508,440
241,3492944916,lhagele@cox.net,Leatha,Hagele,Yes,103053,452
242,6835307360,vklimek@klimek.org,Valentin,Klimek,Yes,815420,442
243,8439589582,melissa@cox.net,Melissa,Wiklund,Yes,122346,443
244,1154045292,sheridan.zane@zane.com,Sheridan,Zane,Yes,364943,431
245,6140347083,bulah_padilla@hotmail.com,Bulah,Padilla,Yes,364943,431
246,6456682607,audra@kohnert.com,Audra,Kohnert,Yes,637809,474
247,9319135650,dweirather@aol.com,Daren,Weirather,Yes,167563,447
248,5325264095,fjillson@aol.com,Fernanda,Jillson,Yes,568068,448
249,7666615027,gearldine_gellinger@gellinger.com,Gearldine,Gellinger,Yes,890231,449
250,5747721599,chau@gmail.com,Chau,Kitzman,Yes,939140,450
251,2846825335,theola_frey@frey.com,Theola,Frey,Yes,319730,451
252,2916063945,cheryl@haroldson.org,Cheryl,Haroldson,Yes,103053,452
253,2595793345,lmerced@gmail.com,Laticia,Merced,Yes,723664,453
254,9071384364,carissa.batman@yahoo.com,Carissa,Batman,Yes,543358,454
255,7677724076,lezlie.craghead@craghead.org,Lezlie,Craghead,Yes,890231,449
256,7487332836,oshealy@hotmail.com,Ozell,Shealy,Yes,685445,456
257,3774607102,arminda@parvis.com,Arminda,Parvis,Yes,310477,457
258,7666561843,reita.leto@gmail.com,Reita,Leto,Yes,310477,457
259,2204618403,yolando@cox.net,Yolando,Luczki,Yes,673964,462
260,4200716761,lizette.stem@aol.com,Lizette,Stem,Yes,462899,460
261,9443906206,gpawlowicz@yahoo.com,Gregoria,Pawlowicz,Yes,206937,473
262,2956472290,cdeleo@deleo.com,Carin,Deleo,Yes,673964,462
263,5084893019,chantell@yahoo.com,Chantell,Maynerich,Yes,319730,451
264,7544917928,dyum@yahoo.com,Dierdre,Yum,Yes,785173,464
265,5823420381,larae_gudroe@gmail.com,Larae,Gudroe,Yes,162020,465
266,1656250937,latrice.tolfree@hotmail.com,Latrice,Tolfree,Yes,687116,466
267,8774345390,kerry.theodorov@gmail.com,Kerry,Theodorov,Yes,925345,475
268,3496393280,dhidvegi@yahoo.com,Dorthy,Hidvegi,Yes,558677,424
269,8671600666,fannie.lungren@yahoo.com,Fannie,Lungren,Yes,233696,479
270,6830196447,evangelina@aol.com,Evangelina,Radde,Yes,496620,470
271,9565106419,novella_degroot@degroot.org,Novella,Degroot,Yes,568068,448
272,6775812101,choa@hoa.org,Clay,Hoa,Yes,255481,472
273,1869453305,jfallick@yahoo.com,Jennifer,Fallick,Yes,206937,473
274,1275542440,irma.wolfgramm@hotmail.com,Irma,Wolfgramm,Yes,272472,419
275,6289664537,eun@yahoo.com,Eun,Coody,Yes,925345,475
276,9652711966,sylvia_cousey@cousey.org,Sylvia,Cousey,Yes,791895,476
277,1737149436,nana@aol.com,Nana,Wrinkles,Yes,890231,449
278,8666663595,layla.springe@cox.net,Layla,Springe,Yes,281724,478
279,1751119265,joesph_degonia@degonia.org,Joesph,Degonia,Yes,233696,479
280,5123884132,annabelle.boord@cox.net,Annabelle,Boord,Yes,887888,480