payment_id,amount,payment_mode,date,status,customer_id,reach_plan_id
6001,149,UPI,06/01/2021,successful,201,800149
6002,199,Card,05/01/2021,successful,202,800199
6003,248,Wallet,12/11/2021,successful,203,800248
6004,499,UPI,15/08/2021,successful,204,800499
6005,798,Card,28/09/2021,successful,205,801798
6006,249,UPI,04/11/2021,successful,206,800249
6007,319,Card,25/07/2021,successful,207,800319
6008,398,Card,06/03/2021,successful,208,800398
6009,598,UPI,02/09/2021,successful,209,800598
6010,298,Card,01/04/2021,successful,210,800298
6011,359,Card,30/01/2021,successful,211,800359
6012,449,Wallet,05/10/2021,successful,212,800449
6013,599,UPI,03/09/2021,successful,213,800599
6014,498,Card,15/07/2021,successful,214,802498
6015,399,UPI,15/09/2021,successful,215,800399
6016,498,UPI,10/09/2021,successful,216,800498
6017,558,Card,22/07/2021,successful,217,800558
6018,798,Wallet,18/08/2021,successful,218,800798
6019,48,UPI,22/09/2021,successful,219,800048
6020,78,Card,05/05/2021,successful,220,800078
6021,98,Wallet,15/01/2021,successful,221,800098
6022,198,UPI,30/04/2021,successful,222,800198
6023,251,Card,31/03/2021,successful,223,800251
6024,100,Wallet,30/01/2021,successful,224,800100
6025,300,UPI,12/04/2021,successful,225,800300
6026,140,Card,22/02/2021,successful,226,800150
6027,450,Wallet,18/10/2021,successful,227,800450
6028,200,UPI,28/09/2021,successful,228,800200
6029,400,Card,18/07/2021,successful,229,800400
6030,350,UPI,16/03/2021,successful,230,800350
6031,700,Card,02/06/2021,successful,231,800700
6032,2000,Card,10/04/2021,successful,232,802000
6033,150,Wallet,01/11/2021,successful,233,800150
6034,149,UPI,14/10/2021,successful,234,800149
6035,199,Card,20/05/2021,successful,235,800199
6036,248,UPI,22/04/2021,successful,236,800248
6037,499,Card,29/04/2021,successful,237,800499
6038,798,Card,26/06/2021,successful,238,801798
6039,249,Wallet,10/07/2021,successful,239,800249
6040,319,UPI,26/02/2021,successful,240,800319
6041,398,Card,09/01/2021,successful,241,800398
6042,598,UPI,17/10/2021,successful,242,800598
6043,298,Card,27/04/2021,successful,243,800298
6044,359,Card,08/09/2021,successful,244,800359
6045,449,Wallet,03/01/2021,successful,245,800449
6046,599,UPI,15/01/2021,successful,246,800599
6047,498,UPI,15/10/2021,successful,247,802498
6048,399,Card,12/03/2021,successful,248,800399
6049,498,UPI,28/05/2021,successful,249,800498
6050,558,UPI,27/05/2021,successful,250,800558
6051,798,Card,04/04/2021,successful,251,800798
6052,48,UPI,26/06/2021,successful,252,800048
6053,78,Card,25/06/2021,successful,253,800078
6054,98,Wallet,20/08/2021,successful,254,800098
6055,198,UPI,10/07/2021,successful,255,800198
6056,251,Card,14/09/2021,successful,256,800251
6057,100,UPI,06/11/2021,successful,257,800100
6058,300,Card,24/05/2021,successful,258,800300
6059,140,Card,25/05/2021,successful,259,800150
6060,450,Wallet,23/03/2021,successful,260,800450
6061,200,UPI,31/05/2021,successful,261,800200
6062,400,Card,15/04/2021,successful,262,800400
6063,350,Wallet,17/03/2021,successful,263,800350
6064,700,UPI,20/08/2021,successful,264,800700
6065,2000,Card,07/04/2021,successful,265,802000
6066,150,Wallet,30/07/2021,successful,266,800150
6067,149,UPI,29/04/2021,successful,267,800149
6068,199,UPI,18/09/2021,successful,268,800199
6069,248,Card,15/07/2021,successful,269,800248
6070,499,UPI,30/05/2021,successful,270,800499
6071,798,Card,25/07/2021,successful,271,801798
6072,249,UPI,19/03/2021,successful,272,800249
6073,319,Card,24/04/2021,successful,273,800319
6074,398,Card,17/01/2021,successful,274,800398
6075,598,Wallet,22/10/2021,successful,275,800598
6076,298,UPI,15/07/2021,successful,276,800298
6077,359,Card,30/10/2021,successful,277,800359
6078,449,Wallet,05/06/2021,successful,278,800449
6079,599,UPI,26/03/2021,successful,279,800599
6080,498,Card ,10/11/2021,successful,280,802498