reach_plan_id,validity,data amount
800149,30,1 GB/day
800199,45,1 GB/day
800248,60,1 GB/day
800499,90,1 GB/day
801798,365,1 GB/day
800249,30,1.5 GB/day
800319,45,1.5 GB/day
800398,60,1.5 GB/day
800598,90,1.5 GB/day
800298,30,2 GB/day
800359,45,2 GB/day
800449,60,2 GB/day
800599,90,2 GB/day
802498,365,2 GB/day
800399,30,3 GB/day
800498,45,3 GB/day
800558,60,3 GB/day
800798,90,3 GB/day
800048,existing,3GB
800078,existing,6 GB
800098,existing,12 GB
800198,existing,25 GB
800251,existing,50 GB
800100,30,1 GB/day
800300,90,1 GB/day
800140,30,1.5 GB/day
800450,90,1.5 GB/day
800200,30,2 GB/day
800400,90,2 GB/day
800350,30,3 GB/day
800700,90,3 GB/day
802000,365,2 GB/day
800150,existing,25 GB