employee_id,first name,last name,vaccinated,centre_id
101,Sheryl,Seymark,Yes,401
102,Ira,Toffetto,Yes,402
103,Adiana,Peacop,Yes,403
104,Nikita,Arnold,No,404
105,Simmonds,Burfield,Yes,405
106,Kimberli,Thurborn,Yes,406
107,Danie,Attersoll,Yes,407
108,Daniela,Paske,Yes,408
109,Kenneth,MacKill,Yes,409
110,Petronia,Assad,Yes,410
111,Karina,Scrane,Yes,411
112,Klemens,Cowing,Yes,412
113,Rae,Barock,Yes,413
114,D'arcy,Scutter,Yes,414
115,Homere,Derycot,Yes,415
116,Emanuele,Mattioni,Yes,416
117,Sarah,Helkin,Yes,417
118,Lavina,Halpen,Yes,418
119,Judas,Vear,Yes,419
120,Leesa,Chugg,Yes,420
121,Ginni,McCrackan,Yes,421
122,Conan,Cossans,Yes,422
123,Rochette,Twinn,Yes,423
124,Janine,Goranov,Yes,424
125,Lynna,O'Fogarty,No,425
126,Maxwell,Weldon,Yes,426
127,Tudor,Esland,Yes,427
128,Cob,Aughtie,Yes,428
129,Clark,Fernanando,Yes,429
130,Linet,Winslade,Yes,430
131,Xavier,Chesterton,Yes,431
132,Haze,Beert,Yes,432
133,Donelle,Dmiterko,Yes,433
134,Rubetta,Middler,Yes,434
135,Barclay,Imrie,Yes,435
136,Vasilis,Tregale,Yes,436
137,Ruben,Bollum,Yes,437
138,Melodee,Loren,Yes,438
139,Codie,Tomaszewicz,Yes,439
140,Harriot,Newens,Yes,440
141,Augy,Coche,Yes,441
142,Brandice,Trudgeon,Yes,442
143,Zora,Giriardelli,Yes,443
144,Storm,Minchinton,Yes,444
145,Joyous,Mizzen,Yes,445
146,Felicia,Fontes,Yes,446
147,Sonya,Jellicorse,Yes,447
148,Arline,Jeens,Yes,448
149,Roxine,Dealtry,Yes,449
150,Cathlene,Maxted,Yes,450
151,Sam,Hammonds,Yes,451
152,Bryn,Lambin,Yes,452
153,Dunstan,Creak,Yes,453
154,Catriona,Joslyn,Yes,454
155,Curran,Acedo,Yes,455
156,Lotti,Trevains,Yes,456
157,Ricky,Vila,Yes,457
158,Roxana,Gowland,Yes,458
159,Giralda,Polycote,Yes,459
160,Zilvia,Fidgeon,Yes,460
161,Ethan,Yglesias,Yes,461
162,Brett,Bownde,Yes,462
163,Tait,Churchward,Yes,463
164,Florry,McIlroy,Yes,464
165,Richy,Friary,Yes,465
166,Blayne,Twelve,Yes,466
167,Robyn,Quernel,Yes,467
168,Lyman,Mannie,Yes,468
169,Agatha,Belson,Yes,469
170,Wendel,Loade,Yes,470
171,Nicolai,Engel,Yes,471
172,Adrian,Willans,Yes,472
173,Alfredo,Crucitti,Yes,473
174,Marleen,Downse,Yes,474
175,Boycie,McGuigan,Yes,475
176,Chaddie,Chardin,Yes,476
177,Mariejeanne,Drees,Yes,477
178,Thurston,Feore,Yes,478
179,Elene,Learned,No,479
180,Danny,Gilford,Yes,480