pincode,city,state
691792,Hosapete,Karnataka
405252,Habra,West Bengal
733382,Silvassa,Dadara and nagar haveli
615177,Thiruvarur,Tamil nadu
889609,Palakkad,Kerala
877368,Port Blair,Andaman and Nicobar
228327,Agartala,Tripura
735276,Aizwal,Mizoram
257884,Bhopal,Madhya Pradesh
944272,Gangtok,sikkim
266890,Nagpur,Maharastra
398879,Panaji,Goa
668180,Daman,Daman and Diu
806126,Shimla,Himachal Pradesh
775736,Raigarh,Chattisgarh
414176,Beawar,Rajasthan
165367,Katni,Madhya Pradesh
506324,Serampore,West Bengal
272472,Chennai,Tamil Nadu
149138,Jammu,Jammu and Kashmir
481769,Purulia,West Bengal
423976,Alandur,Tamil Nadu
811878,Itanagar,Arunachal Pradesh
558677,Ahmedabad,Gujarat
447141,Haridwar,Uttarakhand
845712,Dhalai,Tripura
186834,Dehradun,Uttarakhand
813085,Gairsain,Uttarakhand
184550,Achalpur,Maharastra
732258,Asansol,West Bengal
364943,Vadodara,Gujarat
716938,Dhanbad,Jharkhand
351579,Bilaspur,Chattisgarh
226995,Bhagalpur,Bihar
632015,Kollam,Kerala
201796,Imphal,Manipur
320955,Shillong,Meghalaya
191449,Burhanpur,Madhya Pradesh
836577,Rohtak,Haryana
122508,Chandigarh,Chandigarh
164479,Damoh,Madhya Pradesh
815420,Purnia,Bihar
122346,Bhiwani,Haryana
926315,Porbandar,Gujarat
170038,Kavaratti,Lakshadweep
839041,Cuddalore,Tamil Nadu
167563,Pondicherry,Pondicherry
568068,Bhubaneswar,Odisha
890231,Prayagraj,Uttar Pradesh
939140,Gurgaon,Delhi
319730,Patna,Bihar
103053,Indore,Madhya Pradesh
723664,Kota,Rajasthan
543358,Faridabad,Haryana
186179,Nagaon,Assam
685445,Agonda,Goa
310477,Ranchi,Jharkhand
154081,Kohima,Nagaland
244827,Wokha,Nagaland
462899,Guwahati,Assam
237977,Barasat,West Bengal
673964,Gurugram,Haryana
149720,Muzaffarpur,Bihar
785173,Vasco Da gama,Goa
162020,Jaipur,Rajasthan
687116,Manali,Himachal Pradesh
627520,Ballari,Karnataka
979942,Veraval,Gujarat
791794,Mokokchung,Nagaland
496620,Jodhpur,Rajasthan
123570,Longleng,Nagaland
255481,Ramagundam,Telangana
206937,Kolkata,West Bengal
637809,Vellore,Tamil nadu
925345,Bengaluru,Karnataka
791895,Hyderabad,Andhra Pradesh
662905,Swaraj dweep,Andaman and Nicobar Islands
281724,Rourkela,Odisha
233696,Ludhiana,Punjab
887888,Kochi,Kerala